Unnamed: 0,text,date,score,mapped_label,predicted_label,predicted_score
0,four volunteers entered a simulated mars habitat as part of a nasa mission for 378 days. the participants will face challenges that simulate real life conditions for a human mission to mars. they will live and work in a 3d printed habitat at the johnson space center in houston.,2023-06-29T13:18:33.497Z,0,1,2,1
1,"thank you! i ve had to remind myself at least once a week for the past year, hey... it s pretty cool to be interning at freaking nasa!",2023-07-23T05:08:55.198Z,1,2,2,1
2,high altitude clouds captured by nasa perseverance rover on sol 738 before sunrise. nasa jpl caltech simeon schmauÁE,2023-07-15T19:30:49.033Z,0,1,1,0
3,"the fantastic jess bush and i had a great convo about spock and chapel s feelings for each other on , and i asked jess about her visit to nasa! she s so cool.",2023-07-13T18:41:18.999Z,1,2,2,1
4,with that nasa shirt i can only imagine were going to space. that sounds pretty hecking cool tbh d,2023-07-08T15:21:20.936Z,1,2,2,1
5,"very cool. how about some alt text for the image? you can just use the figure caption the first anniversary image from nasa s james webb space telescope displays the rho ophiuchi cloud complex, the closest star forming region to earth. nasa esa csa stsci klaus pontoppidan",2023-07-12T16:28:17.313Z,1,2,2,1
6,"note the hexagonal feature in the image of sn 2004et is due to jwst s mirrors! similar to how 6 spikes appear in stars in jwst images. the galaxy is 22 million ly away. cred for imgs in op left nasa, esa, csa, ori fox, melissa shahbandeh, alyssa pagan right kpno, nsf noirlab, aura, alyssa pagan",2023-07-05T19:52:24.015Z,0,1,1,0
7,nasa in a black metal style works considering many of it s founding members were nazis in both cases,2023-07-03T00:02:25.333Z,-1,0,0,-1
8,this was my official nasa lunch for most of the time i worked there lmfao i never got the fancy shaker though,2023-07-02T14:59:55.386Z,1,2,2,1
9,nasa is paying 55m per seat and dragon isn t profitable? maybe it s still too soon?,2023-07-25T03:13:27.772Z,-1,0,0,-1
10,there s footage out there from nasa of some terrestrial based weapon shooting at a ufo. it s almost like the world power in favour of hegemony and imperialism wants to bomb the fuck out of these beings capable of preventing nuclear war and trying to tell everyone that we should love each other lmao,2023-07-16T18:08:07.586Z,-1,0,0,-1
11,libraries are almost always among the lowest funded of city or county services and i m sure people would be shocked to learn that. like when i worked for nasa as a policy analyst and our entire agency budget was like 14b.,2023-07-07T00:34:29.891Z,-1,0,0,-1
12,working on topological semantics for modal logic at nasa for the purposes of applications to distributed computing by way of coordinating firefighting drones.,2023-07-04T01:17:53.636Z,1,2,2,1
13,"avoiding people, huh? this time i m going to reach outside the nasa exoplanet archive for pso j318.5 22, a free floating or rogue , if you will planet which has flung itself out of its natal solar system and is floating alone out there in the peace of the interstellar reaches of the galaxy.",2023-07-24T22:15:25.399Z,-1,0,0,-1
14,"can confirm. my dad worked at jsc starting in 62, before it was actually built. i m the only member of my family that doesn t work at nasa. space is cool, but it sucks.",2023-07-19T14:50:52.642Z,-1,0,0,-1
15,"nature astronomy covers appreciation post voyager 2 breaks out of the bubble 2019 image ben c. smith, johns hopkins apl nasa jpl cover design allen beattie",2023-07-24T11:22:31.274Z,1,2,1,0
16,"neptune and its moon triton on august 31 1989, following the flyby of voyager 2. nasa jpl caltech kevin m. gill",2023-07-18T21:28:36.429Z,0,1,1,0
17,"jupiter, juno mission perijove 52 nasa jpl caltech msss swri kevin m. gill",2023-07-13T14:15:36.594Z,0,1,1,0
18,"i was in dc a couple years ago and i regret to inform you that it s still a thing. but i did not see anyone wearing it, so i m not sure who the target demographic is. everyone knows baddies wear nasa gear, not sure why fbi thinks it can compete",2023-07-05T17:20:07.701Z,0,1,2,1
19,"nasa engineer, circa 1960",2023-07-07T18:29:50.030Z,0,1,1,0
20,also at nasa,2023-07-10T22:24:48.233Z,0,1,1,0
21,"give this a try a cross parallel eye stereogram of a gnarly rock on mars taken tosol by the perseverance rover. use the left two images if you can do cross eye, the right two if you do parallel eye. mars in 3d! nasa jpl caltech asu kevin m. gill",2023-07-19T12:38:52.437Z,0,1,1,0
22,want to monitor bluesky like it s a web 1.0 nasa operation? skyfeed has you covered!,2023-07-26T08:52:59.479Z,1,2,2,1
23,"nasa expoplanets posted a quiz on another social media app, to see which exoplanet you re most like. i got a completely different exoplanet than the one that .bsky.social chose for me! it s nice, but i like k2 138 better!",2023-07-27T00:42:51.517Z,1,2,2,1
24,i wanna make nasa patches now lmaoooo with this logo,2023-07-02T17:34:33.375Z,1,2,2,1
25,"it s the 80s now. the moon is long gone. some souvenir rocks are safe at nasa. it s 2012 now. neil, man, you died. it was your heart of course. jessica rowshandel",2023-07-19T14:15:44.110Z,-1,0,0,-1
26,"on the morning of sept. 24, that sample from 8.5 billion year old bennu will land inside the utah test and training range near dugway proving ground. nasa officials hope clues to the origins of life in our universe will be on board.",2023-07-21T22:07:38.503Z,0,1,2,1
27,"the curiosity rover s sol 3878 workspace, taken post drive on july 4th. this is the area directly in front of the rover that is reachable by the arm. nasa jpl caltech msss kevin m. gill,",2023-07-06T16:49:21.646Z,0,1,1,0
28,after they announced aliens it makes more sense why nasa has fa 18s,2023-07-28T22:17:17.423Z,-1,0,0,-1
29,"because it s still cool to read about the latest science from actual scientists, so i still think the astronomy feed can have a lot of value to more engaged members of the public. over time if e.g. nasa or esa set up shop here then an outreach feed would have a lot of potential content.",2023-07-10T12:02:26.852Z,1,2,2,1
30,martian rock texture taken a few hours ago tosol 846 by the mars perseverance rover using the supercam. nasa jpl caltech lanl cnes irap kevin m. gill,2023-07-08T03:38:30.764Z,0,1,1,0
31,"happy sciversary to celebrate, here s a new peek at rho ophiuchi, our nearest star forming region. gorgeous! image credit nasa, esa, csa, stsci, k. pontoppidan stsci , a. pagan stsci",2023-07-12T10:41:46.327Z,1,2,1,0
32,"hello fellow gardeners! i am currently growing peppers from seeds that came off the parent plant on the iss for a citizen science experiment for nasa. i am heading back to school in aug to get a botany degree bc i i grow everything i can, my house is full of ufo books and plants.",2023-07-07T22:44:22.750Z,1,2,2,1
33,help nasa pay for some non mars and non human spaceflights. i basically want to see pictures of new places.,2023-07-19T20:08:30.561Z,0,1,2,1
34,"i am an aerospace engineer, working mainly on thermal analysis for human spaceflight. i have worked different aspects of nasa s artemis program to return people to the moon, including orion and the lunar gateway space station",2023-07-25T18:46:14.178Z,1,2,2,1
35,so the space shuttle wasn t reusable and most engineers at space x didn t previously work for nasa?,2023-07-25T15:32:21.253Z,-1,0,0,-1
36,"pls contribute to my kickstarter moon sharks vs the astronauts nasa s artemis iii astronauts land near the moon s southern pole, an area rich w water. the water will sustain the crew said nasa but nasa wasn t prepared for the moon sharks we ve advised the crew to punch them in the gills",2023-07-25T22:37:45.605Z,0,1,0,-1
37,i made this one earlier. i will make yours in black on white unless otherwise specified. this is in nasa red.,2023-07-03T00:07:10.091Z,0,1,1,0
38,"the martian could have absolutely been improved by matt damon getting dunked on by nasa officials, his family, and the occasional sentient rock.",2023-07-27T00:35:11.409Z,-1,0,0,-1
39,"indian moon lander will drop a nasa retroreflector. meanwhile nasa hires plenty of indian ams sunanda sharma, ryan roppel analysed observations from two formations on the jezero crater floor",2023-07-15T00:36:02.922Z,0,1,1,0
40,i just spent 15 minutes trying to figure why nasa would want commercial real estate so yeah it s a hard land,2023-07-02T22:43:18.625Z,-1,0,0,-1
41,i did a gig for nasa and i cummed.on the mars rover before they sent it. we have seeded the heavens.,2023-07-14T00:47:15.855Z,0,1,2,1
42,atmosphere on venus feel so good when u ain t got a nasa bitch in ya ear telling you it s dangerous,2023-07-28T23:57:53.051Z,1,2,0,-1
43,"on my way back home from the nasa small bodies meeting, lots of fun with friends. listening to a wombats song over and over on the flight as one does, i wear a suitcase under each one of my eyes astrophysics, you ll never be my closest friend, i find no comfort, in what my mind can t comprehend",2023-07-14T00:18:50.058Z,1,2,2,1
44,nasa should try looking for intelligent life on hinge,2023-07-07T17:40:43.669Z,0,1,1,0
45,have you read about this? this is definitely one of my favourite out there nasa aviation projects,2023-07-12T07:25:41.802Z,1,2,2,1
46,"something s going to break at my home with my family, like the lawnmower or something, and i m not going to be there to fix it, he told the newspaper. i think it s going to be easy to get homesick when that happens. so, no. nasa is not paying their mortgage.",2023-07-02T15:39:39.549Z,-1,0,0,-1
47,"and then space happened. nasa has just launched the gemini program. cordless tools were almost perfect. except! newton made laws and drills made torque. when you spin a bolt in space, the bolt spins you.",2023-07-25T18:35:45.134Z,1,2,2,1
48,have you looked at pots at all? if you have a pulse oximeter you could do a nasa lean test. it can make some people winded with standing walking in a way that s not about the lungs assuming lungs have checked out . but also look for account of mild me. it doesn t all look like being housebound.,2023-07-11T18:12:29.449Z,0,1,0,-1
49,nasa s new artemis astrovans arrive for use by moon bound crews,2023-07-12T14:15:18.507Z,1,2,2,1
50,nasa has come a long way,2023-07-13T06:08:45.034Z,1,2,2,1
51,challenging them amplifies them. nasa doesn t argue with flat earthers. you can t argue with someone committed to being wrong as part of their identity. the only thing you can do on social media is deny them the oxygen to burn.,2023-07-04T21:07:11.919Z,-1,0,0,-1
52,seeing new accounts follow me and checking their following lists and seeing that they just follow like a bunch of big name astronomers and also me is so wild. like. how am i among the first ppl u follow next to nasa and katie mack.,2023-07-15T08:24:47.517Z,1,2,2,1
53,are you gonna try to tell me nasa doesn t know what theyre doing naming all the impact craters on mercury after artists,2023-07-24T23:51:17.799Z,1,2,0,-1
54,that only qualified people could become president. and that my dad test drove the nasa rockets.,2023-07-08T16:57:18.401Z,-1,0,0,-1
55,"this reminds me of some brazilian dude who had the gall to reply are you sure? to fucking nasa on the birdsite. no, fucktard, we post stuff based on a hunch",2023-07-19T16:11:59.513Z,-1,0,0,-1
56,"lol when you can show me where nasa has created reusable launch vehicle technology and why they have awarded spacex launch missions of theirs instead of using their own launch vehicles, we can talk more, until then we ll end it here.",2023-07-25T15:10:50.947Z,-1,0,0,-1
57,image credit nasa jpl caltech msss,2023-07-24T12:42:06.860Z,0,1,1,0
58,this nasa astronomy picture of the day is breathtaking and my new phone wallpaper. aurora over icelandic waterfall image credit copyright cari letelier,2023-07-14T00:21:43.259Z,1,2,2,1
59,the mars curiosity rover used it s mahli camera yestersol 3880 to image this exposed bedrock mineral vein. nasa jpl caltech msss kevin m. gill,2023-07-07T18:36:17.912Z,0,1,1,0
60,"nasa is marking the first anniversary of the james webb space telescope s scientific debut with the release of a new image, demonstrating the telescope s ability to re envision the universe. see more discoveries from the telescope",2023-07-12T15:26:54.452Z,1,2,2,1
61,a friend of mine had to manage literal rocket scientists at nasa who all hated each other. and therefore weren t doing their work.,2023-07-16T13:08:20.856Z,-1,0,0,-1
62,"first off, the aliens love pizza. if u have some, u might want to watch out. if u turn your back? you might be outta luck, my friend! ha ha! hey! wheres the pizza!?! thats you. ok have a good weekend why is nasa telling us what we already know? i always have a good weekend",2023-07-26T18:33:42.001Z,1,2,2,1
63,"in recent years, i ve become pro giant asteroid. i want someone to make a movie that s like armageddon or deep impact, but it s about nasa giving up on humanity and sending a deep space crew to divert an asteroid into the path of the earth.",2023-07-07T23:33:56.842Z,-1,0,0,-1
64,"hello, hooray! you can have hip 14810 b it is the biggest sibling in the three planet hip 14810 system, and is found in the aries constellation!! note surprisingly hard to work out what constellations the exoplanets are in... new feature for the nasa exoplanet archive...?",2023-07-24T23:01:49.101Z,1,2,2,1
65,i used to work in quality control inspection of morton thykol srb o ring assemblies at nasa back in the 80 s and i was laid off in 1987 for some...reason. now i m a part time inventor on instagram!,2023-07-06T05:45:22.868Z,-1,0,2,1
66,"i was amused at the thought of a science y nasa employee also reading a book about magick but then i remembered that jack parsons a pioneer in rocket science was also big in crowley, so maybe not that surprising?",2023-07-26T13:12:10.715Z,1,2,2,1
67,reminds me how nasa had to go buy cpus on ebay... 20 years ago. should have picked z80 instead of x86 for those space shuttles!,2023-07-10T15:38:15.511Z,0,1,0,-1
68,"i follow most the nasa pages. i find space fascinating . we are all stardust, and to the stars we will one day return. of course that will be billions of years from now as it wont happen til the earth dies. hubble checks in on a galactic neighbor nasa",2023-07-05T15:12:42.392Z,1,2,2,1
69,"for the one year anniversary of jwst, a magnificent image of an active star forming region in the rho ophiuchi cloud complex. about 390 lightyears away in the constellation ophiuchus. credit nasa, esa, csa, stsci, k. pontoppidan stsci image processing a. pagan stsci",2023-07-12T17:51:16.181Z,1,2,1,0
70,"hiring nasa scientists and engineers then using their theories and tests developed at nasa while getting funding from the us government is not revolutionizing, champ. it s theft of nasa s budget. that s all he did",2023-07-20T16:22:43.937Z,-1,0,0,-1
71,"a nasa entrou em contato com a escola estadual honorato filgueiras, do pará, para convidar seis alunos do ensino médio, que descobriram um asteroide, a apresentar essa pesquisa nos estados unidos.",2023-07-07T21:23:08.590Z,1,2,1,0
72,"very cool. how about some alt text for the image? you can just use the figure caption the first anniversary image from nasa s james webb space telescope displays the rho ophiuchi cloud complex, the closest star forming region to earth. nasa esa csa stsci klaus pontoppidan",2023-07-12T16:28:17.313Z,1,2,2,1
73,"avoiding people, huh? this time i m going to reach outside the nasa exoplanet archive for pso j318.5 22, a free floating or rogue , if you will planet which has flung itself out of its natal solar system and is floating alone out there in the peace of the interstellar reaches of the galaxy.",2023-07-24T22:15:25.399Z,-1,0,0,-1
74,have you looked at pots at all? if you have a pulse oximeter you could do a nasa lean test. it can make some people winded with standing walking in a way that s not about the lungs assuming lungs have checked out . but also look for account of mild me. it doesn t all look like being housebound.,2023-07-11T18:12:29.449Z,0,1,0,-1
75,"first off, the aliens love pizza. if u have some, u might want to watch out. if u turn your back? you might be outta luck, my friend! ha ha! hey! wheres the pizza!?! thats you. ok have a good weekend why is nasa telling us what we already know? i always have a good weekend",2023-07-26T18:33:42.001Z,1,2,2,1
76,"hello, hooray! you can have hip 14810 b it is the biggest sibling in the three planet hip 14810 system, and is found in the aries constellation!! note surprisingly hard to work out what constellations the exoplanets are in... new feature for the nasa exoplanet archive...?",2023-07-24T23:01:49.101Z,1,2,2,1
77,suck my dick and balls i work for nasa,2023-07-17T20:05:05.240Z,-1,0,0,-1
78,"then you ll know everything space x do, nasa have already done. space x are just piggybacking, in typical musk fashion",2023-07-25T15:02:21.673Z,-1,0,0,-1
79,"except for the whole reusable rockets thing and lowering the cost of launching satellites by 5 10x?? nasa has no desire to run a space ferry business. they want to and should be doing exploration, not wasting their time being the ups of space. the us gov is their biggest customer and that s ok.",2023-07-02T20:10:00.145Z,-1,0,0,-1
80,on 2023 07 27 14 20 33 translation nasa and the us military plan to launch a nuclear powered spacecraft by 2026 as part of the draco project. its task is to test a technology that could be revolutionary and help humanity fly to mars and distant wo...,2023-07-27T14:48:29.749Z,1,2,2,1
81,"hm, even earlier than that was the altgers chat systems, hanging on servers with members of the legion of doom. got my sister to order some stuff to a nearby church with a stolen credit card number from there, that upset the parents. got grounded for a year when caught logging into a nasa machine",2023-07-18T02:11:23.064Z,-1,0,0,-1
82,been watching a lot of for all mankind and can t believe they couldn t give us a banger like this considering the body count that alternate history nasa has racked up,2023-07-02T17:21:01.829Z,-1,0,0,-1
83,"i follow nasa, ars technica, linus torvalds, mark ruffalo, hank green, christopher mims and george takei to name a few. there are many people on there but these are a few that caught my interest. i still miss some of the other youtubers that i used to follow on twit but yet will show eventually.",2023-07-09T03:54:35.434Z,1,2,2,1
84,"12 6 2023 part 37 kennedy space center nasa, cape canaveral, fl space shuttle atlantis exhibit wing views",2023-12-18T19:40:27.802Z,0,1,1,0
85,"12 6 2023 part 24 kennedy space center nasa, cape canaveral, fl the apollo saturn v rocket center replicas of moonrovers real ones are still sitting on the moon!",2023-12-17T19:24:40.322Z,0,1,1,0
86,"if you ever say hamas didn t do anything wrong? i m blocking you so fast nasa will issue me a grant regarding ftl research. war crimes are war crimes, no matter if israel or hamas does them. don t try to justify atrocities.",2023-11-08T05:07:45.937Z,-1,0,0,-1
87,the number of meetings about meetings about meetings...yaldabaoth help me. but also i get to bring my dog to the office and there is a lot of free cheese. so on balance it s fine. i love it when a creator i love is like a lawyer or an engineer or works for nasa lol. you didn t disappoint!!,2023-12-18T02:07:26.519Z,1,2,2,1
88,"i think it s more that nasa spent 30 years working on how to not make a rocket blow up and spacex seems to have a track record resembling the early 60s rather than the late 60s early 70s feels like going backwards i guess, and as a result, a massive waste of materials",2023-11-18T15:55:46.983Z,-1,0,0,-1
89,"shuttle c was a regan baby, lunar transfer shuttle was regan and bush along with the freedom, it s all cope from bad nasa engineers being captured by ula",2023-11-17T20:14:01.193Z,-1,0,0,-1
90,"laughing at the new radio commercial from the it provider in calgary who spams the airwaves with their ads... network operations center... they literally say it. like they re nasa. no guys, you ve got an office with techs sitting at pcs",2023-11-10T17:53:10.212Z,1,2,2,1
91,do you work in nasa mission control in the 60s?,2023-11-30T05:52:02.367Z,0,1,1,0
92,"even if you re not at , please enjoy this briefing format being presented in the esri booth 621 across from nasa by joseph kerski and rina kurnia on teaching and research in science with gis and the spatial perspective storymaps.arcgis.com briefings fd...",2023-12-14T18:02:47.833Z,0,1,1,0
93,nasa engineering!,2023-11-09T09:22:31.720Z,0,1,1,0
94,"arguably even worse, because the link to the nasa page it provides solarsystem.nasa.gov solar system... doesn t even say the sun s mass anywhere! how is that even a source?",2023-12-13T00:53:38.905Z,-1,0,0,-1
95,"under construction aspasia paltoglou listens to nicola fox, head of science at nasa, on desert island discs and ponders sci comms more broadly.",2023-12-11T10:14:59.725Z,0,1,1,0
96,people behind the work at nasa stennis,2023-12-18T20:51:05.347Z,0,1,1,0
97,"i think something more happened and there s some sort of cover up amongst nasa roscosmos. his sabotage of the drill is not something nasa would want to share if they could help it, especially with steven blowing up jsc at the same time.",2023-11-10T21:27:21.418Z,-1,0,0,-1
98,"approximately 6.4 million tons of wheat and nearly 1.5 million tons of sunflower seeds were harvested in russian occupied ukrainian territories this year, nasa harvest revealed. euromaidanpress.com 2023 12 23 r...",2023-12-23T08:33:38.225Z,1,2,2,1
99,"great to see the awe inspiring pam melroy at nasa hq yesterday. hey, .bsky.social, notice that mission patch on the left?",2023-11-18T22:42:03.624Z,1,2,2,1
100,"hirise 3d a tyrrhena terra crater with altered minerals not much by way of an image rationale, but the bedrock and dark dunes in this 3d image are worth staring at for a while. full image nasa jpl caltech uarizona",2023-11-29T18:17:37.017Z,1,2,1,0
101,no shortage of dreams spaceflight planning history reviving reusing skylab in the shuttle era nasa marshall s november 1977 pitch to nasa headquarters spaceflighthistory.blogspot.com 2015 11 revi...,2023-12-28T15:27:45.965Z,1,2,2,1
102,the behavior of organics in rapidly frozen brine nasa supported scientists have provided new information about the behavior of organic molecules frozen in brine e.g. salty water under conditions similar to the surface of saturn s moon enceladus. astrobiology.arizona.edu news behavio...,2023-11-20T13:52:56.612Z,1,2,2,1
103,"space activities long range plans of nasa national aeronautics and space administration , vol. i iv, 29 may 1962",2023-11-25T15:30:32.841Z,0,1,1,0
104,"artemis mission, earth and moon credit nasa",2023-12-03T18:24:05.616Z,0,1,1,0
105,nasa sounding rocket launches into alaskan aurora,2023-11-09T17:29:53.860Z,0,1,1,0
106,"how many of the astronauts who walked on the moon ate pussy, do you think? nasa tour guide okay any other questions?",2023-11-16T18:46:03.036Z,-1,0,0,-1
107,"secondary craters in bas relief secondary craters form from rocks ejected at high speed from the primary crater, which then impact the ground at sufficiently high speed to make huge numbers of much smaller craters over a large region. nasa jpl caltech uarizona",2023-12-28T13:44:54.936Z,-1,0,0,-1
108,"nist mandatory scheduled password changes are bad actually nasa oh ok, we ll change our mandatory password change schedule from every 90 days to every 60 days",2023-12-06T14:22:49.092Z,-1,0,0,-1
109,my father was a usaf officer who worked with nasa when i was a kid. he told us how the us and the ussr competed to nab scientists from the third reich. their complicity with slave labor and the general nazi stuff was overlooked for strategic purposes. also google hans speidel...,2023-12-14T00:36:26.060Z,-1,0,0,-1
110,new version of the crab nebula via the nasa app,2023-11-02T18:42:38.751Z,0,1,1,0
111,terabytes of data confirming that there were reasons why nasa never built rockets that big,2023-11-19T01:31:56.574Z,0,1,0,-1
112,nasa scientific balloons ready for flights over .,2023-11-27T21:52:27.574Z,0,1,2,1
113,i wish for all mankind had the rights to use historical figures as characters. i m thinking lee iococca wouldn t have minded being portrayed as the head of nasa. what i want is for john lennon to hold a beatles concert reunion on mars to stop wwiii or is it wwiv by then? .,2023-12-02T02:01:56.468Z,0,1,0,-1
114,"when i studied systems engineering, the greatest engineering failures was what we learned about first. once you start producing complex stuff in the real world, failure is easily acheived, just ask elon musk, or the accountant at nasa who tried his hand at launching a space shuttle.",2023-11-23T21:57:40.719Z,-1,0,0,-1
115,nasa wallops signs space act agreement to support stem outreach,2023-12-28T18:37:26.269Z,1,2,2,1
116,"nasa deploy the geo orbit atmospheric tracking system s emitters, we ll capture the best high quality image of uranus and it s ring, ever.",2023-11-07T21:25:36.829Z,1,2,2,1
117,nasa ceramic soles and enough pleather to stock 1000 ikeas,2023-12-01T13:58:09.277Z,1,2,2,1
118,nasa guy if our rockets kept exploding like that i d be out of a job,2023-12-19T01:15:19.854Z,-1,0,0,-1
119,"omg yes! at my job book production , i often say, we re not nasa. i don t have a t minus countdown to when books arrive in the warehouse. i m going to add this phrase!",2023-11-25T00:07:09.906Z,1,2,2,1
120,"in college, i went to a speech by bill nye got to ask him a question what is your opinion on hard vs soft sciences? paraphrased, he said a nasa engineer puts a rover on mars that s cool. a social worker helps someone obtain the resources to avoid unaliving themselves that s important.",2023-11-17T01:03:34.949Z,1,2,2,1
121,"talking to my cousin is always wild works for nasa especially when he makes predictions. older sister dead at 52, voted democrat younger sister dead at 38 because 4th boyfriend brother dead at 42, pick a cancer me 92 hit by a bus after leaving the hospital from failed suicide attempt.",2023-12-28T13:16:38.544Z,-1,0,0,-1
122,"nasa spaceline current awareness list ,074 9 november 2023 space life science research results astrobiology.com 2023 11 nasa...",2023-11-10T20:23:30.690Z,0,1,1,0
123,oh shit nasa poached one of the wet bandits nice to see daniel stern again,2023-11-11T14:02:09.508Z,-1,0,0,-1
124,".bsky.social pictured an estimated 500,000 stars. this is the heart of the milky way galaxy. has revealed never before seen features in a star forming region called sagittarius c go.nasa.gov 3r52oq3",2023-11-21T05:59:48.085Z,0,1,2,1
125,"12 6 2023 part 34 kennedy space center nasa, cape canaveral, fl space shuttle atlantis exhibit rearview of the shuttle",2023-12-18T16:34:38.611Z,0,1,1,0
126,latest vertical precip profile by eddywx.bsky.social uhi_nwh for nasa global precip mission. more info bit.ly 1olljbx,2023-11-20T11:45:31.012Z,0,1,1,0
127,"so apparently there was a more recent study done in 2014 that wasn t able to reproduce the nasa results, but in any case, they were looking specifically at removing vocs, not specifically co2. but i also have a brainworm that wants me to try to build an algae based bioreactor for co2 fixation, lol.",2023-12-03T20:51:11.347Z,0,1,2,1
128,i want someone to cuddle with and fall asleep to the nasa tv feed with.,2023-12-25T04:52:47.923Z,0,1,2,1
129,uh oh...better fix this or v ger will come home in 250 years! nasa s voyager 1 spacecraft is speaking gibberish gizmodo.com nasas voyage...,2023-12-13T23:34:31.042Z,-1,0,0,-1
130,nasa just spent 11.8 billion on a rocket that has launched once and used recycled technology. nasa has been in a rut and spacex is a way out.,2023-11-18T15:41:28.597Z,-1,0,0,-1
131,nasa is also planning to send a probe to uranus. we re the aliens there. that s what aliens do.,2023-12-19T13:48:24.404Z,-1,0,0,-1
132,i would contend that it is absolutely correct. wait until you see the new post i am working on it s a nasa msc proposal to replace skylab that made wernher von braun really unhappy.,2023-11-09T00:27:40.832Z,-1,0,2,1
133,"25 years ago nasa, partners begin space station assembly",2023-12-07T03:32:03.001Z,0,1,2,1
134,"i think sls was pretty much built by nasa s entire contractor network under nasa project management, not ula",2023-11-30T04:04:17.120Z,0,1,0,-1
135,"bro said he worked at nasa for 46 years. what s the point of questioning his authority anyways? you could just ask. have him cite his sources, y know.",2023-11-18T21:28:22.936Z,0,1,0,-1
136,what knowledge is nasa secretly hiding from the public,2023-12-11T15:35:49.344Z,-1,0,0,-1
137,neptune winds. credit nasa. mission voyager,2023-10-31T18:03:43.506Z,0,1,1,0
138,goodnight ngc 185 nasa,2023-11-21T05:53:12.000Z,0,1,1,0
139,"how weird is it that there are government owned or sponsored organizations called fannie mae, ginnie mae, and freddie mac. like what if we all called nasa nancy sawyer or some shit",2023-11-28T06:04:19.954Z,-1,0,0,-1
140,this is a great pic when i was an nasa jsc in the 1990s i went hunting for pics of this i knew they had been taken but fear of offending the russians ran high.,2023-12-10T16:53:18.766Z,1,2,2,1
141,yestersun 2023.11.26 sdo nasa aia seán doran,2023-11-27T10:48:52.277Z,0,1,1,0
142,"new course from nasa helps build open, inclusive science community",2023-12-06T15:23:39.702Z,1,2,2,1
143,"to be fair there is no budget for that. nasa has been oriented to operate only from high earth orbit heo and outward, that is more costly than low earth orbit leo . compared to the past contractors used to be serious like united launch alliance",2023-11-26T22:27:07.188Z,-1,0,0,-1
144,hubble back in service after gyro scare nasa still studying reboost options,2023-12-09T02:40:02.709669Z,1,2,0,-1
145,"day 2 of news! join us at for the grand unveiling of nasa science explorer! don t miss the live demos at booth 649, presentations, and exclusive scix temporary tattoos. learn more at scixplorer.org.",2023-12-12T16:04:47.583Z,1,2,2,1
146,"gosh it would be so based if you bought my silly stickers and shirts and stuff tbh. youd look so good with a hoodie that says acab in the nasa worm font bestie. youd be so hot for buying my little designs and supporting me, your favorite space fag, at spacefag.gay on sale only for a few days more!",2023-11-21T18:25:32.044Z,1,2,2,1
147,the astronomy picture of the day the fairy of the eagle nebula via the nasa app,2023-11-26T04:27:32.730Z,1,2,2,1
148,"nasa najveca prednost, kakav novi stadion u osijeku i slicne modernosti",2023-11-21T19:58:23.923Z,0,1,1,0
149,this is not nasa.,2023-11-18T14:46:25.604Z,0,1,1,0
150,"former astronaut nasa senior mgr bob cabana i m sad we ve lost trailblazer dr mary cleave, shuttle astronaut veteran 2 spaceflights 1st woman to lead nasa sciencemissiondirectorate. mary was force of nature w a passion for science, exploration, caring for our home planet. she will be missed 1",2023-11-30T00:10:46.769Z,1,2,2,1
151,the astronomy picture of the day ngc1850 not found in the milky way via the nasa app,2023-12-02T19:21:04.451Z,0,1,1,0
152,it s extremely nasa brained for them to think that nobody would want to see pictures of space.,2023-11-02T17:19:46.930Z,-1,0,0,-1
153,"false premise, any advanced research and development is inherently aiding future military action. dod contractors keep sat design inside their companies, they have dedicated builders and so on. nasa has launched dod payloads on shuttle but hasn t for 12 years.",2023-11-20T08:47:44.354Z,-1,0,0,-1
154,"12 7 2023 day 2, part 15 kennedy space center nasa, cape canaveral, fl actual flown artifact gemini 9 capsule when they were still trying to perfect the spacewalk.",2023-12-20T18:52:50.508Z,0,1,1,0
155,"worse because he insisted they use a launchpad design that both nasa and a casual knowledge of physics told them would be a disaster, just because it s faster and cheaper to pour a flat concrete pad with neither reinforcements nor flame channels.",2023-12-27T16:23:41.942Z,-1,0,0,-1
156,nasa app on roku has a whole bunch of documentaries and i will be content to stay on my couch until i ve watched them all,2023-12-17T03:23:10.432Z,1,2,2,1
157,"lost in space 100,000 tool bag from nasa spacewalk",2023-11-13T15:36:11.750Z,0,1,1,0
158,"i love that methodist and their stand alone ers have the nasa channel. look. you stick me in a place like this, interesting tv is good.",2023-12-17T04:43:09.322Z,1,2,2,1
159,"facts. lol. as mentioned, use your vote for representatives that will reduce nasa spending.",2023-11-19T02:50:48.489Z,-1,0,0,-1
160,"i m sure a nasa team would find a few details to adjust, but the only one that i find really concerning is the crew shuttle having it s access hatch directly between two clusters of fission engines.",2023-12-14T00:46:26.561Z,0,1,0,-1
161,i d hire nasa to do it for half the price seeing as they have been able to put people in space without exploding for decades and put most of the difference into affordable housing.,2023-11-19T05:49:25.642Z,-1,0,0,-1
162,nasa is bankrolling them because the bush and obama administrations gutted nasa,2023-11-18T15:38:55.505Z,-1,0,0,-1
163,and pre impact thermophysical properties and the yarkovsky effect of nasa dart target 65803 didymos by rozitis et al. was published today! iopscience.iop.org article 10.3...,2024-03-11T14:02:57.318Z,0,1,1,0
164,"just submitted my first big nasa grant what a learning experience! i wrote a lot of grants in grad school, but this was so much more intense and so many moving parts. so glad to have the support to be able to develop this skill",2024-03-22T00:37:49.701Z,1,2,2,1
165,congratulations to the terrific intuitive machines and nasa teams!,2024-02-23T00:08:18.204Z,1,2,2,1
166,nasa explores a space engine that could use nuclear waste for propulsion youtu.be 16mq7q5797e,2024-02-09T01:42:34.845Z,1,2,2,1
167,"there s also the always fun thing when it gets into arguments of cost of stuff since one thing that gets ignored from a pure nasa standpoint is that hsf also covers a uh, lot more centers, so they have a lot more overhead to pay for the center tax",2024-02-26T03:53:59.268Z,-1,0,0,-1
168,we re 3 weeks out til the april 8 total solar eclipse across north america. several scientific projects are also underway to take advantage of the event. here s our post on nasa experiments planned for the april 8th total solar eclipse on,2024-03-22T14:44:47.714Z,1,2,2,1
169,"it s sad to hear about voyager the nasa space probe, not the starship starting to malfunction and apparently dying, but not unexpected when you think about it. this is 50 yr old tech that s been running nonstop for half a century. whomst among us still has perfectly functional 1960s 70s tech?",2024-02-24T17:58:52.893Z,-1,0,0,-1
170,"that s amazing! coincidentally, i made jemison s portrait for an art show about women in science and the show curator maia weinstock was the person who proposed the women of nasa lego kit.",2024-02-25T19:44:38.761Z,1,2,2,1
171,i worked down the street from a nasa facility at noon i d stand at the doorway to quiznos and bully those nerds for their launch money,2024-02-26T18:19:15.275Z,-1,0,0,-1
172,"tragically, it is not clear that the defense contractors can get to the moon for any amount of money. more than 200b has been spent on development of new us crewed space transport systems over past 40 years, but only dragon is flying. development cost to nasa was 2b.",2024-02-21T20:50:21.593Z,-1,0,0,-1
173,i don t have more info but nasa is proposing to slash the budget to minimal operations level,2024-03-13T05:46:50.001Z,-1,0,0,-1
174,a nasa group achievement award in 2016 was one of the subjects of the film hidden figures in 2016 where she was played by taraji p. henson . she was awarded the congressional gold medal by the united states congress in 2019 was inducted into the national women s hall of fame in 2021. 6 6,2024-02-03T13:24:33.492Z,1,2,2,1
175,"once in a lifetime cosmic explosion is likely this summer, nasa says. here s what to know. once in a lifetime cosmic explosion is likely this summer, nasa says. here s what to know.",2024-06-18T03:52:06+00:00,-1,0,0,-1
176,"washington, d.c. an american family is claiming more than 80,000 from nasa after a small piece of debris fell from space and smashed through the roof of their florida home, a law firm said friday. read tmt.news 1952653",2024-06-22T07:41:33.097Z,-1,0,0,-1
177,nasa cancels lunar rover after spending 450 million building it,2024-07-18T02:27:27.679Z,-1,0,0,-1
178,the astronomy picture of the day shells and arcs around star cw leonis via nasa,2024-07-25T19:30:38.312Z,1,2,1,0
179,growing plants in space isn t just a supply of food. it can also help astronauts cope with isolation credit nasa,2024-06-21T03:55:29.832Z,1,2,2,1
180,"the voyager space probes, now about 1 light day from earth, will carry ed stone s legacy for a long time. one study estimated that the golden record on voyager 2 could still be readable in 5 billion years. voyager.jpl.nasa.gov mission stat...",2024-06-11T21:56:42.656Z,1,2,2,1
181,"the fact that nasa can t get their astronauts and boeing s spaceships are garbage, so now nasa has to rely on elon musk. jfc",2024-06-28T00:28:44.436Z,-1,0,0,-1
182,rover in perse has now abraded the rock with pronounced veins to the left of the rock previously abraded. navcam left before sol 01210 july 16 13 26 lmst after sol 01211 july 17 13 31 lmst credits nasa jpl caltech martian observer,2024-07-17T14:06:28.504Z,0,1,1,0
183,"intel extends cpu warranties due to defects, apple tightens in app purchase controls in china, and nasa explores starliner crew return options.",2024-08-02T14:58:29.861Z,-1,0,0,-1
184,nasa acknowledges it cannot quantify risk of starliner propulsion issues ars technica,2024-08-17T07:15:46.000Z,-1,0,0,-1
185,nasa to give update on boeing starliner crew stuck in space.,2024-08-14T16:42:52.756Z,0,1,0,-1
186,bp technology could be used to drill on mars or moon after nasa deal bp hopes deal will help develop earth,2024-08-13T20:57:03+00:00,1,2,2,1
187,"nasa engineer garcía galán projected this message on the spacecraft s screen 245,000 miles 394,000 kilometers from earth during the first artemis mission hala madrid! kings of europe and of space. nasa engineer garcía galán projected this message on",2024-07-30T14:30:06+00:00,1,2,1,0
188,"sol 1234 right mastcam z camera, acquired at 15 26 55.260 local mean solar time , image credit nasa jpl caltech asu",2024-08-10T10:01:34.020722+00:00,0,1,1,0
189,"pop gov 25 big oil strikes nasa deal to get greedy hands on moon, mars jd vance makes violent threat against dems maga election official convicted of machine tampering goldman sachs makes shock election prediction new abortion ballot measures certified in mult. states",2024-08-14T13:17:16.539Z,-1,0,0,-1
190,nasa hidden figure dorothy j. vaughan narrated by octavia spencer,2024-08-05T17:57:55.165Z,0,1,1,0
191,"if in the martian, the ship was run by a company and not nasa we must bring mark watney home! sir, that s going to be very expensive and we have our quarterly investor call in a month. ... well, i m sure he can wait on mars a little longer.",2024-08-08T18:02:26.358Z,-1,0,0,-1
192,"nasa firms fire data for 11 august, 2024 map of ukraine incursion into russia and proximity to kurchatova nuke plant the regional capital of kursk nasa firms firms.modaps.eosdis.nasa.gov map 24hrs... google maps",2024-08-11T09:04:13.093Z,-1,0,1,0
193,boeing will be footing the bill whatever the eventual resolution is. the thing to remember about this though is it s not an emergency and nasa don t do bespoke in any other circumstance.,2024-08-14T22:12:14.679Z,-1,0,0,-1
194,"a pair of cubesats from nasa s pathfinder technology demonstrator, or ptd, series lifted off on spacex s transporter 11 rideshare mission at 11 56 a.m. pdt friday, august 16, from vandenburg space force base in california. cerebral overload.com ?p 114713",2024-08-21T05:32:00Z,0,1,1,0
195,the astronomy picture of the day ngc 7331 close up via nasa,2024-08-14T18:49:56.060Z,1,2,1,0
196,i m gonna write about nasa today instead what is even spacex,2024-08-12T22:03:19.136Z,0,1,0,-1
197,photographer josh dury took advantage of last weekend s perseid meteor shower to capture a stunning merged image of meteors raining down over stonehenge. nasa apod apod.nasa.gov apod ap24081...,2024-08-16T22:28:55.716Z,1,2,2,1
198,"love the historical pix in the bart system, featuring richard nixon declaring, it s just like nasa.",2024-08-11T19:32:39.165Z,1,2,2,1
199,wilmore and williams have been waiting to get home so long that i think is running the operation time.com 7011415 nasa...,2024-08-16T16:18:49.847Z,0,1,0,-1
200,"the nasa oig audit report on starliner is brutal, but it s just one brief look into the past two decades of hot mess that is boeing.",2024-08-11T08:07:22.141Z,-1,0,0,-1
